Polda Aceh,Polresta Banda Aceh,Polsek Baiturrahman
Polda Aceh,Polresta Banda Aceh,Polsek Banda Raya
Polda Aceh,Polresta Banda Aceh,Polsek Jaya Baru
Polda Aceh,Polresta Banda Aceh,Polsek Kuta Alam
Polda Aceh,Polresta Banda Aceh,Polsek Kuta Raja
Polda Aceh,Polresta Banda Aceh,Polsek Lueng Bata
Polda Aceh,Polresta Banda Aceh,Polsek Meuraksa
Polda Aceh,Polresta Banda Aceh,Polsek Syiah Kuala
Polda Aceh,Polresta Banda Aceh,Polsek Ulee Kareng
Polda Aceh,Polresta Banda Aceh,Polsek Baitussalam
Polda Aceh,Polresta Banda Aceh,Polsek Blang Bintang
Polda Aceh,Polresta Banda Aceh,Polsek Darul Imarah
Polda Aceh,Polresta Banda Aceh,Polsek Peukan Bada
Polda Aceh,Polresta Banda Aceh,Polsek Ingin Jaya
Polda Aceh,Polresta Banda Aceh,Polsek Mesjid Raya
Polda Aceh,Polresta Banda Aceh,Polsek Kuta Baro
Polda Aceh,Polresta Banda Aceh,Polsek Darul Kamal
Polda Aceh,Polresta Banda Aceh,Polsek Krueng Barona Jaya
Polda Aceh,Polresta Banda Aceh,Polsek Darussalam
Polda Aceh,Polres Sabang,Polsek Sukajaya
Polda Aceh,Polres Sabang,Polsek Sukakarya
Polda Aceh,Polres Aceh Besar,Polsek Indrapuri
Polda Aceh,Polres Aceh Besar,Polsek Kuta Cot Gile
Polda Aceh,Polres Aceh Besar,Polsek Kota Jantho
Polda Aceh,Polres Aceh Besar,Polsek Kuta Malaka
Polda Aceh,Polres Aceh Besar,Polsek Lembah Seulawah
Polda Aceh,Polres Aceh Besar,Polsek Leupung
Polda Aceh,Polres Aceh Besar,Polsek Lhoknga
Polda Aceh,Polres Aceh Besar,Polsek Montasik
Polda Aceh,Polres Aceh Besar,Polsek Pulo Aceh
Polda Aceh,Polres Aceh Besar,Polsek Seulimeum
Polda Aceh,Polres Aceh Besar,Polsek Simpang Tiga
Polda Aceh,Polres Aceh Besar,Polsek Suka Makmur
Polda Aceh,Polres Pidie,Polsek Sigli
Polda Aceh,Polres Pidie,Polsek Mutiara
Polda Aceh,Polres Pidie,Polsek Mutiara Timur
Polda Aceh,Polres Pidie,Polsek Mila
Polda Aceh,Polres Pidie,Polsek Indra Jaya
Polda Aceh,Polres Pidie,Polsek Glumpang Baro
Polda Aceh,Polres Pidie,Polsek Peukan Baro
Polda Aceh,Polres Pidie,Polsek Tiro
Polda Aceh,Polres Pidie,Polsek Sakti
Polda Aceh,Polres Pidie,Polsek Titeue
Polda Aceh,Polres Pidie,Polsek Keumala
Polda Aceh,Polres Pidie,Polsek Muara Tiga
Polda Aceh,Polres Pidie,Polsek Delima
Polda Aceh,Polres Pidie,Polsek Padang Tiji
Polda Aceh,Polres Pidie,Polsek Grong-Grong
Polda Aceh,Polres Pidie,Polsek Batee
Polda Aceh,Polres Pidie,Polsek Geulumpang Tiga
Polda Aceh,Polres Pidie,Polsek Pidie
Polda Aceh,Polres Pidie,Polsek Kembang Tanjong
Polda Aceh,Polres Pidie,Polsek Geumpang
Polda Aceh,Polres Pidie,Polsek Mane
Polda Aceh,Polres Pidie,Polsek Tangse
Polda Aceh,Polres Pidie,Polsek Simpang Tiga
Polda Aceh,Polres Pidie Jaya,Polsek Meureudu
Polda Aceh,Polres Pidie Jaya,Polsek Meurah Dua
Polda Aceh,Polres Pidie Jaya,Polsek Bandar Dua
Polda Aceh,Polres Pidie Jaya,Polsek Jangka Buya
Polda Aceh,Polres Pidie Jaya,Polsek Ulim
Polda Aceh,Polres Pidie Jaya,Polsek Trienggandeng
Polda Aceh,Polres Pidie Jaya,Polsek Panteraja
Polda Aceh,Polres Pidie Jaya,Polsek Bandar Baru
Polda Aceh,Polres Bireuen,Polsek Samalanga
Polda Aceh,Polres Bireuen,Polsek Pandrah
Polda Aceh,Polres Bireuen,Polsek Jeunieb
Polda Aceh,Polres Bireuen,Polsek Peudada
Polda Aceh,Polres Bireuen,Polsek Kota Juang
Polda Aceh,Polres Bireuen,Polsek Jangka
Polda Aceh,Polres Bireuen,Polsek Juli
Polda Aceh,Polres Bireuen,Polsek Peusangan
Polda Aceh,Polres Bireuen,Polsek Makmur
Polda Aceh,Polres Bireuen,Polsek Gandapura
Polda Aceh,Polres Lhokseumawe,Polsek Banda Sakti
Polda Aceh,Polres Lhokseumawe,Polsek Blang Mangat
Polda Aceh,Polres Lhokseumawe,Polsek Muara Satu
Polda Aceh,Polres Lhokseumawe,Polsek Dewantara
Polda Aceh,Polres Lhokseumawe,Polsek Kuta Makmur
Polda Aceh,Polres Lhokseumawe,Polsek Meurah Mulia
Polda Aceh,Polres Lhokseumawe,Polsek Nisam
Polda Aceh,Polres Lhokseumawe,Polsek Samudera
Polda Aceh,Polres Lhokseumawe,Polsek Sawang
Polda Aceh,Polres Lhokseumawe,Polsek Simpang Keramat
Polda Aceh,Polres Lhokseumawe,Polsek Syamtalira Bayu
Polda Aceh,Polres Aceh Utara,Polsek Baktiya
Polda Aceh,Polres Aceh Utara,Polsek Baktiya Barat
Polda Aceh,Polres Aceh Utara,Polsek Banda Baro
Polda Aceh,Polres Aceh Utara,Polsek Cot Girek
Polda Aceh,Polres Aceh Utara,Polsek Langkahan
Polda Aceh,Polres Aceh Utara,Polsek Lhoksukon
Polda Aceh,Polres Aceh Utara,Polsek Matang Kuli
Polda Aceh,Polres Aceh Utara,Polsek Nibong
Polda Aceh,Polres Aceh Utara,Polsek Paya Bakong
Polda Aceh,Polres Aceh Utara,Polsek Seunuddon
Polda Aceh,Polres Aceh Utara,Polsek Syamtalira Aron
Polda Aceh,Polres Aceh Utara,Polsek Tanah Luas
Polda Aceh,Polres Aceh Utara,Polsek Tanah Jambo Aye
Polda Aceh,Polres Aceh Utara,Polsek Tanah Pasir
Polda Aceh,Polres Aceh Timur,Polsek Madat
Polda Aceh,Polres Aceh Timur,Polsek Pante Beudari
Polda Aceh,Polres Aceh Timur,Polsek Simpang Ulim
Polda Aceh,Polres Aceh Timur,Polsek Julok
Polda Aceh,Polres Aceh Timur,Polsek Indra Makmur
Polda Aceh,Polres Aceh Timur,Polsek Nurussalam
Polda Aceh,Polres Aceh Timur,Polsek Darul Aman
Polda Aceh,Polres Aceh Timur,Polsek Idi Tunong
Polda Aceh,Polres Aceh Timur,Polsek Banda Alam
Polda Aceh,Polres Aceh Timur,Polsek Idi Rayeuk
Polda Aceh,Polres Aceh Timur,Polsek Darul Ihsan
Polda Aceh,Polres Aceh Timur,Polsek Peudawa
Polda Aceh,Polres Aceh Timur,Polsek Ranto Peureulak
Polda Aceh,Polres Aceh Timur,Polsek Peureulak Barat
Polda Aceh,Polres Aceh Timur,Polsek Serbajadi
Polda Aceh,Polres Aceh Timur,Polsek Simpang Jernih
Polda Aceh,Polres Aceh Timur,Polsek Peureulak
Polda Aceh,Polres Aceh Timur,Polsek Peureulak Timur
Polda Aceh,Polres Langsa,Polsek Langsa Kota
Polda Aceh,Polres Langsa,Polsek Langsa Barat
Polda Aceh,Polres Langsa,Polsek Langsa Timur
Polda Aceh,Polres Langsa,Polsek Rantau Slamat
Polda Aceh,Polres Langsa,Polsek Birem Bayeun
Polda Aceh,Polres Langsa,Polsek Sungai Raya
Polda Aceh,Polres Langsa,Polsek Manyak Payed
Polda Aceh,Polres Aceh Tamiang,Polsek Tamiang Hulu
Polda Aceh,Polres Aceh Tamiang,Polsek Seruway
Polda Aceh,Polres Aceh Tamiang,Polsek Rantau
Polda Aceh,Polres Aceh Tamiang,Polsek Bendahara
Polda Aceh,Polres Aceh Tamiang,Polsek Kejuruan Muda
Polda Aceh,Polres Aceh Tamiang,Polsek Kuala Simpang
Polda Aceh,Polres Aceh Tamiang,Polsek Karang Baru
Polda Aceh,Polres Aceh Singkil,Polsek Singkil
Polda Aceh,Polres Aceh Singkil,Polsek Singkil Utara
Polda Aceh,Polres Aceh Singkil,Polsek Danau Paris
Polda Aceh,Polres Aceh Singkil,Polsek Gunung Meriah
Polda Aceh,Polres Aceh Singkil,Polsek Kota Baharu
Polda Aceh,Polres Aceh Singkil,Polsek Kuala Baru
Polda Aceh,Polres Aceh Singkil,Polsek Pulau Banyak
Polda Aceh,Polres Aceh Singkil,Polsek Simpang Kanan
Polda Aceh,Polres Aceh Singkil,Polsek Singkohor
Polda Aceh,Polres Aceh Singkil,Polsek Suro Baru
Polda Aceh,Polres Subulussalam,Polsek Simpang Kiri
Polda Aceh,Polres Subulussalam,Polsek Penanggalan
Polda Aceh,Polres Subulussalam,Polsek Rundeng
Polda Aceh,Polres Subulussalam,Polsek Sultan Daulat
Polda Aceh,Polres Subulussalam,Polsek Longkib
Polda Aceh,Polres Simeulue,Polsek Simeulue Barat
Polda Aceh,Polres Simeulue,Polsek Simeulue Timur
Polda Aceh,Polres Simeulue,Polsek Teupah Selatan
Polda Aceh,Polres Simeulue,Polsek Simeulue Tengah
Polda Aceh,Polres Simeulue,Polsek Salang
Polda Aceh,Polres Simeulue,Polsek Alafan
Polda Aceh,Polres Simeulue,Polsek Teupah Barat
Polda Aceh,Polres Bener Meriah,
Polda Aceh,Polres Aceh Tengah,
Polda Aceh,Polres Gayo Lues,
Polda Aceh,Polres Aceh Tenggara,
Polda Aceh,Polres Aceh Jaya,
Polda Aceh,Polres Aceh Barat,
Polda Aceh,Polres Nagan Raya,
Polda Aceh,Polres Aceh Barat Daya,
Polda Aceh,Polres Aceh Selatan,
