Polda Aceh,Polresta Banda Aceh
Polda Aceh,Polres Aceh Besar
Polda Aceh,Polres Pidie
Polda Aceh,Polres Pidie Jaya
Polda Aceh,Polres Bireuen
Polda Aceh,Polres Lhokseumawe
Polda Aceh,Polres Aceh Utara
Polda Aceh,Polres Aceh Timur
Polda Aceh,Polres Langsa
Polda Aceh,Polres Aceh Tamiang
Polda Aceh,Polres Bener Meriah
Polda Aceh,Polres Aceh Tengah
Polda Aceh,Polres Gayo Lues
Polda Aceh,Polres Aceh Tenggara
Polda Aceh,Polres Aceh Jaya
Polda Aceh,Polres Aceh Barat
Polda Aceh,Polres Nagan Raya
Polda Aceh,Polres Abdya
Polda Aceh,Polres Aceh Selatan
Polda Aceh,Polres Subulussalam
Polda Aceh,Polres Singkil
Polda Aceh,Polres Simeulue
Polda Aceh,Polres Sabang
Polda Sumatera Utara,Polrestabes  Medan
Polda Sumatera Utara,Polres Langkat
Polda Sumatera Utara,Polres Binjai
Polda Sumatera Utara,Polres D. Serdang
Polda Sumatera Utara,Polres Sergai
Polda Sumatera Utara,Polres T. Tinggi
Polda Sumatera Utara,Polres Simalungun
Polda Sumatera Utara,Polres Asahan
Polda Sumatera Utara,Polres Lab. Batu
Polda Sumatera Utara,Polres Tapsel
Polda Sumatera Utara,Polres Taput
Polda Sumatera Utara,Polres Tapteng
Polda Sumatera Utara,Polres Madina
Polda Sumatera Utara,Polres T. Karo 
Polda Sumatera Utara,Polres Dairi
Polda Sumatera Utara,Polres Nias
Polda Sumatera Utara,Polres T. Balai
Polda Sumatera Utara,Polres P. Siantar
Polda Sumatera Utara,Polres Sibolga
Polda Sumatera Utara,Polres P. Sidempuan
Polda Sumatera Utara,Polres Toba
Polda Sumatera Utara,Polres  Samosir
Polda Sumatera Utara,Polres Humbahas 
Polda Sumatera Utara,Polres Pp. Bharat
Polda Sumatera Utara,Polres Nisel
Polda Sumatera Utara,Polres Pel. Belawan
Polda Sumatera Utara,Polres Batu Bara
Polda Sumatera Utara,Polres P. Lawas
Polda Sumatera Utara,Polres Labusel
Polda Sumatera Utara,Spn 
Polda Sumatera Utara,Sat Pol Air
Polda Sumatera Utara,Sat Brimob
Polda Sumatera Selatan,Polrestabes Palembang
Polda Sumatera Selatan,Polres Musi Banyuasin
Polda Sumatera Selatan,Polres Banyuasin
Polda Sumatera Selatan,Polres Oki
Polda Sumatera Selatan,Polres Ogan Ilir
Polda Sumatera Selatan,Polres Enim
Polda Sumatera Selatan,Polres Prabumulih
Polda Sumatera Selatan,Polres Lahat
Polda Sumatera Selatan,Polres Pagaralam
Polda Sumatera Selatan,Polres Oku
Polda Sumatera Selatan,Polres Oku Timur
Polda Sumatera Selatan,Polres Oku Selatan
Polda Sumatera Selatan,Polres Musi Rawas
Polda Sumatera Selatan,Polres Lubuklnggau
Polda Sumatera Selatan,Polres Empat Lawang
Polda Sumatera Selatan,Polres Musi Rawas Utara
Polda Sumatera Selatan,Polres Pali
Polda Sumatera Barat,Polresta Padang
Polda Sumatera Barat,Polres Pessel
Polda Sumatera Barat,Polres Pasaman
Polda Sumatera Barat,Polres Payakumbuh
Polda Sumatera Barat,Polres Bukitinggi
Polda Sumatera Barat,Polres Pdg Pariaman
Polda Sumatera Barat,Polres Tanah Datar
Polda Sumatera Barat,Polres Sijunjung
Polda Sumatera Barat,Polres Solok Kota
Polda Sumatera Barat,Polres Agam
Polda Sumatera Barat,Polres Mentawai
Polda Sumatera Barat,Polres Pasaman Barat
Polda Sumatera Barat,Polres 50 Kota
Polda Sumatera Barat,Polres Pariaman
Polda Sumatera Barat,Polres Pdg Panjang
Polda Sumatera Barat,Polres Sawahlunto
Polda Sumatera Barat,Polres Dharmasraya
Polda Sumatera Barat,Polres Solok
Polda Sumatera Barat,Polres Solok Selatan
Polda Sumatera Barat,Spn Polda Sumbar
Polda Sumatera Barat,Satbrimobda
Polda Sumatera Barat,Ditpolairud
Polda Bengkulu,Polres Bengkulu
Polda Bengkulu,Polres Bengkulu Selatan
Polda Bengkulu,Polres Bengkulu Utara
Polda Bengkulu,Polres Rejang Lebong
Polda Bengkulu,Polres Lebong
Polda Bengkulu,Polres Kepahiang
Polda Bengkulu,Polres Seluma
Polda Bengkulu,Polres Kaur
Polda Bengkulu,Polres Mukomuko
Polda Bengkulu,Polres Bengkulu Tengah
Polda Riau,Polresta Pekanbaru
Polda Riau,Polres Dumai
Polda Riau,Polres Kampar
Polda Riau,Polres Bengkalis
Polda Riau,Polres Rohil
Polda Riau,Polres Rohul
Polda Riau,Polres Inhu
Polda Riau,Polres Inhil
Polda Riau,Polres Siak
Polda Riau,Polres Kuansing
Polda Riau,Polres Pelalawan
Polda Riau,Polres Kep. Meranti
Polda Kepulauan Riau,Sat Brimob
Polda Kepulauan Riau,Dit Polair
Polda Kepulauan Riau,Polres Barelang
Polda Kepulauan Riau,Polres T. Pinang
Polda Kepulauan Riau,Polres Karimun
Polda Kepulauan Riau,Polres Bintan
Polda Kepulauan Riau,Polres Lingga
Polda Kepulauan Riau,Polres Natuna
Polda Kepulauan Riau,Polres Kep Anambas
Polda Kepulauan Riau,Spn Polda Kepri
Polda Jambi,Polresta Jambi
Polda Jambi,Polres Muaro Jambi
Polda Jambi,Polres Tanjab Timur
Polda Jambi,Polres Tanjab Barat
Polda Jambi,Polres Batanghari
Polda Jambi,Polres Sarolangun
Polda Jambi,Polres Merangin
Polda Jambi,Polres Tebo
Polda Jambi,Polres Bungo
Polda Jambi,Polres Kerinci
Polda Lampung,Polresta Bandar Lampung
Polda Lampung,Polres Lampung Selatan
Polda Lampung,Polres Metro
Polda Lampung,Polres Lampung Tengah
Polda Lampung,Polres Lampung Utara
Polda Lampung,Polres Lampung Barat
Polda Lampung,Polres Lampung Timur
Polda Lampung,Polres Tanggamus
Polda Lampung,Polres Tulang Bawang
Polda Lampung,Polres Way Kanan
Polda Lampung,Polres Mesuji
Polda Lampung,Polres Pesawaran
Polda Lampung,Polres Pringsewu
Polda Lampung,Polres Tulang Bawang Barat
Polda Lampung,Polres Pesibar
Polda Kepulauan Bangka Belitung,Sat Brimob
Polda Kepulauan Bangka Belitung,Dit Polair
Polda Kepulauan Bangka Belitung,Polres Pangkalpinang
Polda Kepulauan Bangka Belitung,Polres Bangka
Polda Kepulauan Bangka Belitung,Polres Bangka Barat
Polda Kepulauan Bangka Belitung,Polres Bangka Tengah
Polda Kepulauan Bangka Belitung,Polres Bangka Selatan
Polda Kepulauan Bangka Belitung,Polres Belitung
Polda Kepulauan Bangka Belitung,Polres Belitung Timur
Polda Banten,Polresta Tangerang
Polda Banten,Polresta Serang Kota
Polda Banten,Polres Serang
Polda Banten,Polres Cilegon
Polda Banten,Polres Pandeglang
Polda Banten,Polres Lebak
Polda Metro Jaya,Polres Metro Jakarta Pusat
Polda Metro Jaya,Polres Metro Jakarta Utara
Polda Metro Jaya,Polres Metro Jakarta Barat
Polda Metro Jaya,Polres Metro Jakarta Selatan
Polda Metro Jaya,Polres Metro Jakarta Timur
Polda Metro Jaya,Polres Metro Tangerang Kota
Polda Metro Jaya,Polres Metro Bekasi Kota
Polda Metro Jaya,Polres Metro Bekasi
Polda Metro Jaya,Polres Metro Depok
Polda Metro Jaya,Polres Kota Bandara Soekarno Hatta
Polda Metro Jaya,Polres Tangerang Selatan
Polda Metro Jaya,Polres Kepulauan Seribu
Polda Metro Jaya,Polres Pelabuhan Tanjung Priok
Polda Metro Jaya,Satbrimob Polda Metro Jaya
Polda Metro Jaya,Ditpolairud Polda Metro Jaya
Polda Metro Jaya,Spn Polda Metro Jaya
Polda Jawa Barat,Polresta Bogor Kota
Polda Jawa Barat,Polres Bogor
Polda Jawa Barat,Polres Cianjur
Polda Jawa Barat,Polres Sukabumi Kota
Polda Jawa Barat,Polres Sukabumi
Polda Jawa Barat,Polres Purwakarta
Polda Jawa Barat,Polres Karawang
Polda Jawa Barat,Polres Subang
Polda Jawa Barat,Polrestabes Bandung
Polda Jawa Barat,Polres Cimahi
Polda Jawa Barat,Polresta Bandung
Polda Jawa Barat,Polres Sumedang
Polda Jawa Barat,Polres Garut
Polda Jawa Barat,Polres Tasikmalaya Kota
Polda Jawa Barat,Polres Tasiikmalaya
Polda Jawa Barat,Polres Ciamis
Polda Jawa Barat,Polres Banjar
Polda Jawa Barat,Polres Pangandaran
Polda Jawa Barat,Polres Cirebon Kota
Polda Jawa Barat,Polresta Cirebon
Polda Jawa Barat,Polres Indramayu
Polda Jawa Barat,Polres Kuningan
Polda Jawa Barat,Polres Majalengka
Polda Jawa Tengah,Polrestabes Semarang
Polda Jawa Tengah,Polresta Surakarta
Polda Jawa Tengah,Polresta Banyumas
Polda Jawa Tengah,Polresta Magelang
Polda Jawa Tengah,Polresta Cilacap
Polda Jawa Tengah,Polres Semarang
Polda Jawa Tengah,Polres Demak
Polda Jawa Tengah,Polres Kendal
Polda Jawa Tengah,Polres Salatiga
Polda Jawa Tengah,Polres Jepara
Polda Jawa Tengah,Polres Kudus
Polda Jawa Tengah,Polresta Pati
Polda Jawa Tengah,Polres Rembang
Polda Jawa Tengah,Polres Blora
Polda Jawa Tengah,Polres Grobogan
Polda Jawa Tengah,Polres Sragen
Polda Jawa Tengah,Polres Karanganyar
Polda Jawa Tengah,Polres Sukoharjo
Polda Jawa Tengah,Polres Klaten
Polda Jawa Tengah,Polres Boyolali
Polda Jawa Tengah,Polres Wonogiri
Polda Jawa Tengah,Polres Magelang Kota
Polda Jawa Tengah,Polres Wonosobo
Polda Jawa Tengah,Polres Temanggung
Polda Jawa Tengah,Polres Kebumen
Polda Jawa Tengah,Polres Purworejo
Polda Jawa Tengah,Polres Purbalinga
Polda Jawa Tengah,Polres Banjarnegara
Polda Jawa Tengah,Polres Brebes
Polda Jawa Tengah,Polres Tegal
Polda Jawa Tengah,Polres Tegal Kota
Polda Jawa Tengah,Polres Pemalang
Polda Jawa Tengah,Polres Pekalongan
Polda Jawa Tengah,Polres Pekalongan Kota
Polda Jawa Tengah,Polres Batang
Polda D.I. Yogyakarta,Polresta Yogyakarta
Polda D.I. Yogyakarta,Polresta Sleman
Polda D.I. Yogyakarta,Polres Bantul
Polda D.I. Yogyakarta,Polres Kulonprogo
Polda D.I. Yogyakarta,Polres Gunungkidul
Polda Jawa Timur,Polrestabes Surabaya
Polda Jawa Timur,Polresta Sidoarjo
Polda Jawa Timur,Polres Pelabuhan Tg Perak
Polda Jawa Timur,Polres Gresik
Polda Jawa Timur,Polres Malang
Polda Jawa Timur,Polresta Malang Kota
Polda Jawa Timur,Polres Batu
Polda Jawa Timur,Polres Pasuruan
Polda Jawa Timur,Polres Pasuruan Kota
Polda Jawa Timur,Polres Probolinggo
Polda Jawa Timur,Polres Probolinggo Kota
Polda Jawa Timur,Polres Lumajang
Polda Jawa Timur,Polresta Banyuwangi
Polda Jawa Timur,Polres Bondowoso
Polda Jawa Timur,Polres Situbondo
Polda Jawa Timur,Polres Jember
Polda Jawa Timur,Polres Bojonegoro
Polda Jawa Timur,Polres Tuban
Polda Jawa Timur,Polres Lamongan
Polda Jawa Timur,Polres Jombang
Polda Jawa Timur,Polres Mojokerto
Polda Jawa Timur,Polres Mojokerto Kota
Polda Jawa Timur,Polres Kediri
Polda Jawa Timur,Polres Kediri Kota
Polda Jawa Timur,Polres Nganjuk
Polda Jawa Timur,Polres Blitar
Polda Jawa Timur,Polres Blitar Kota
Polda Jawa Timur,Polres Tulungagung
Polda Jawa Timur,Polres Trenggalek
Polda Jawa Timur,Polres Madiun
Polda Jawa Timur,Polres Madiun Kota
Polda Jawa Timur,Polres Ponorogo
Polda Jawa Timur,Polres Magetan
Polda Jawa Timur,Polres Ngawi
Polda Jawa Timur,Polres Pacitan
Polda Jawa Timur,Polres Bangkalan
Polda Jawa Timur,Polres Sampang
Polda Jawa Timur,Polres Pamekasan
Polda Jawa Timur,Polres Sumenep
Polda Kalimantan Barat,Polresta Pontianak
Polda Kalimantan Barat,Polres Kuburaya
Polda Kalimantan Barat,Polres Mempawah
Polda Kalimantan Barat,Polres Singkawang
Polda Kalimantan Barat,Polres Sambas
Polda Kalimantan Barat,Polres Bengkayang
Polda Kalimantan Barat,Polres Landak
Polda Kalimantan Barat,Polres Sanggau
Polda Kalimantan Barat,Polres Sekadau
Polda Kalimantan Barat,Polres Melawi
Polda Kalimantan Barat,Polres Sintang
Polda Kalimantan Barat,Polres Kapuas Hulu
Polda Kalimantan Barat,Polres Ketapang
Polda Kalimantan Barat,Polres Kayong Utara
Polda Kalimantan Timur,Polresta Samarinda
Polda Kalimantan Timur,Polresta Balikapan
Polda Kalimantan Timur,Polres Ppu
Polda Kalimantan Timur,Polres Paser
Polda Kalimantan Timur,Polres Bontang
Polda Kalimantan Timur,Polres Kukar
Polda Kalimantan Timur,Polres Kutim
Polda Kalimantan Timur,Polres Kubar
Polda Kalimantan Timur,Polres Berau
Polda Kalimantan Timur,Polres Mahulu
Polda Kalimantan Selatan,Polresta Banjarmasin
Polda Kalimantan Selatan,Polres Banjarbaru
Polda Kalimantan Selatan,Polres Banjar
Polda Kalimantan Selatan,Polres Tapin
Polda Kalimantan Selatan,Polres Hulu Sungai Selatan
Polda Kalimantan Selatan,Polres Hulu Sungai Tengah
Polda Kalimantan Selatan,Polres Hulu Sungai Utara
Polda Kalimantan Selatan,Polres Balangan
Polda Kalimantan Selatan,Polres Tabalong
Polda Kalimantan Selatan,Polres Tanah Laut
Polda Kalimantan Selatan,Polres Tanah Bumbu
Polda Kalimantan Selatan,Polres Kotabaru
Polda Kalimantan Selatan,Polres Barito Kuala
Polda Kalimantan Tengah,Dit Polairud
Polda Kalimantan Tengah,Satbrimob 
Polda Kalimantan Tengah,Spn
Polda Kalimantan Tengah,Polresta Palangka Raya
Polda Kalimantan Tengah,Polres Kapuas
Polda Kalimantan Tengah,Polres Barito Selatan
Polda Kalimantan Tengah,Polres Barito Utara
Polda Kalimantan Tengah,Polres Kotawaringin Timur
Polda Kalimantan Tengah,Polres Kotawaringin Barat
Polda Kalimantan Tengah,Polres Murung Raya
Polda Kalimantan Tengah,Polres Barito Timur
Polda Kalimantan Tengah,Polres Seruyan 
Polda Kalimantan Tengah,Polres Gunung Mas
Polda Kalimantan Tengah,Polres Katingan 
Polda Kalimantan Tengah,Polres Sukamara
Polda Kalimantan Tengah,Polres Lamandau
Polda Kalimantan Tengah,Polres Pulang Pisau
Polda Kalimantan Utara,Polresta Bulungan
Polda Kalimantan Utara,Polres Tarakan
Polda Kalimantan Utara,Polres Nunukan
Polda Kalimantan Utara,Polres Malinau
Polda Kalimantan Utara,Polres Tana Tidung
Polda Bali,Polresta Denpasar
Polda Bali,Polres Badung
Polda Bali,Polres Gianyar
Polda Bali,Polres Tabanan
Polda Bali,Polres Jembrana
Polda Bali,Polres Buleleng
Polda Bali,Polres Bangli
Polda Bali,Polres Klungkung
Polda Bali,Polres Karangasem
Polda Bali,Polres Kawasan
Polda Bali,Bandara Ngurah Rai
Polda Nusa Tenggara Timur,Spn Kupang
Polda Nusa Tenggara Timur,Ditpolair
Polda Nusa Tenggara Timur,Satbrimob
Polda Nusa Tenggara Timur,Polres Kupang Kota
Polda Nusa Tenggara Timur,Polres Kupang
Polda Nusa Tenggara Timur,Polres Tts
Polda Nusa Tenggara Timur,Polres Ttu
Polda Nusa Tenggara Timur,Polres Belu
Polda Nusa Tenggara Timur,Polres Malaka
Polda Nusa Tenggara Timur,Polres Alor
Polda Nusa Tenggara Timur,Polres Sabu Raijua
Polda Nusa Tenggara Timur,Polres Rote Ndao 
Polda Nusa Tenggara Timur,Polres Lembata
Polda Nusa Tenggara Timur,Polres Flores Timur
Polda Nusa Tenggara Timur,Polres Sikka
Polda Nusa Tenggara Timur,Polres Ende
Polda Nusa Tenggara Timur,Polres Ngada
Polda Nusa Tenggara Timur,Polres Nagekeo
Polda Nusa Tenggara Timur,Polres Manggarai
Polda Nusa Tenggara Timur,Polres Manggarai Barat
Polda Nusa Tenggara Timur,Polres Manggarai Timur
Polda Nusa Tenggara Timur,Polres Sumba Timur
Polda Nusa Tenggara Timur,Polres Sumba Barat
Polda Nusa Tenggara Timur,Polres Sumba Barat Daya
Polda Nusa Tenggara Barat,Polres Mataram
Polda Nusa Tenggara Barat,Polres Lobar
Polda Nusa Tenggara Barat,Polres Lotara
Polda Nusa Tenggara Barat,Polres Loteng
Polda Nusa Tenggara Barat,Polres Lotim
Polda Nusa Tenggara Barat,Polres Sumbawa
Polda Nusa Tenggara Barat,Polres Sbw Barat
Polda Nusa Tenggara Barat,Polres Dompu
Polda Nusa Tenggara Barat,Polresta Bima
Polda Nusa Tenggara Barat,Polres Bima
Polda Nusa Tenggara Barat,Dit Pol Air
Polda Nusa Tenggara Barat,Sat Brimob
Polda Nusa Tenggara Barat,Spn Belanting
Polda Gorontalo,Polres Gorontalo  Kota
Polda Gorontalo,Polres Gorontalo
Polda Gorontalo,Polres Pohuwato
Polda Gorontalo,Polres Boalemo
Polda Gorontalo,Polres Bone Bolango
Polda Gorontalo,Polres Gorontalo Utara
Polda Sulawesi Barat,Polresta Mamuju
Polda Sulawesi Barat,Polres Majene
Polda Sulawesi Barat,Polres Polman
Polda Sulawesi Barat,Polres Mamasa
Polda Sulawesi Barat,Polres Mamuju Tengah
Polda Sulawesi Barat,Polres Pasangkayu
Polda Sulawesi Barat,Brimob
Polda Sulawesi Tengah,Polres Palu
Polda Sulawesi Tengah,Polres Donggala
Polda Sulawesi Tengah,Polres Sigi
Polda Sulawesi Tengah,Polres Parimo
Polda Sulawesi Tengah,Polres Poso
Polda Sulawesi Tengah,Polres Morut
Polda Sulawesi Tengah,Polres Morowali
Polda Sulawesi Tengah,Polres Touna
Polda Sulawesi Tengah,Polres Banggai
Polda Sulawesi Tengah,Polres Bangkep
Polda Sulawesi Tengah,Polres Tolitoli
Polda Sulawesi Tengah,Polres Buol
Polda Sulawesi Tengah,Brimobda
Polda Sulawesi Tengah,Ditpolair
Polda Sulawesi Tengah,Spn Labuan Panimba
Polda Sulawesi Utara,Polresta Manado
Polda Sulawesi Utara,Polres Minahasa
Polda Sulawesi Utara,Polres Tomohon
Polda Sulawesi Utara,Polres Bitung
Polda Sulawesi Utara,Polres Minut 
Polda Sulawesi Utara,Polres Minsel
Polda Sulawesi Utara,Polres Mitra
Polda Sulawesi Utara,Polres Kotamobagu
Polda Sulawesi Utara,Polres Bolmong
Polda Sulawesi Utara,Polres Bolmut
Polda Sulawesi Utara,Polres Boltim
Polda Sulawesi Utara,Polres Bolsel
Polda Sulawesi Utara,Polres Kepl. Sangihe
Polda Sulawesi Utara,Polres Kepl. Sitaro
Polda Sulawesi Utara,Polres Kepl. Talaud
Polda Sulawesi Tenggara,Polres Kendari
Polda Sulawesi Tenggara,Polres Konsel
Polda Sulawesi Tenggara,Polres Bombana
Polda Sulawesi Tenggara,Polres Kolaka
Polda Sulawesi Tenggara,Polres Kolut
Polda Sulawesi Tenggara,Polres Koltim
Polda Sulawesi Tenggara,Polres Konawe
Polda Sulawesi Tenggara,Polres Konut
Polda Sulawesi Tenggara,Polres Muna
Polda Sulawesi Tenggara,Polres Bau-Bau
Polda Sulawesi Tenggara,Polres Buton
Polda Sulawesi Tenggara,Polres Butur
Polda Sulawesi Tenggara,Polres Buteng
Polda Sulawesi Tenggara,Polres Wakatobi
Polda Sulawesi Selatan,Polrestabes
Polda Sulawesi Selatan,Polres Pelabuhan
Polda Sulawesi Selatan,Polres Maros
Polda Sulawesi Selatan,Polres Gowa
Polda Sulawesi Selatan,Polres Parepare
Polda Sulawesi Selatan,Polres Pangkep
Polda Sulawesi Selatan,Polres Barru
Polda Sulawesi Selatan,Polres Sidrap
Polda Sulawesi Selatan,Polres Pinrang
Polda Sulawesi Selatan,Polres Enrekang
Polda Sulawesi Selatan,Polres Tana Toraja
Polda Sulawesi Selatan,Polres Toraja Utara
Polda Sulawesi Selatan,Polres Luwu 
Polda Sulawesi Selatan,Polres Luwu Timur
Polda Sulawesi Selatan,Polres Luwu Utara
Polda Sulawesi Selatan,Polres Palopo
Polda Sulawesi Selatan,Polres Bone
Polda Sulawesi Selatan,Polres Soppeng
Polda Sulawesi Selatan,Polres Wajo
Polda Sulawesi Selatan,Polres Sinjai
Polda Sulawesi Selatan,Polres Takalar
Polda Sulawesi Selatan,Polres Jeneponto
Polda Sulawesi Selatan,Polres Bantaeng
Polda Sulawesi Selatan,Polres Bulukumba
Polda Sulawesi Selatan,Polres Selayar
Polda Sulawesi Selatan,Sat Brimobda
Polda Sulawesi Selatan,Dit Polair
Polda Sulawesi Selatan,Spn Batua
Polda Maluku Utara,Polres Ternate
Polda Maluku Utara,Polres Tidore
Polda Maluku Utara,Polres Halbar
Polda Maluku Utara,Polres Halteng
Polda Maluku Utara,Polres Halsel
Polda Maluku Utara,Polres Haltim
Polda Maluku Utara,Polres Halut
Polda Maluku Utara,Polres Kep.Sula
Polda Maluku Utara,Polres Morotai
Polda Maluku Utara,Polres Taliabu
Polda Maluku,Polresta P. Ambon
Polda Maluku,Polres Malteng
Polda Maluku,Polres Sbt
Polda Maluku,Polres P. Buru
Polda Maluku,Polres Bursel
Polda Maluku,Polres Tual
Polda Maluku,Polres Kep. Tanimbar
Polda Maluku,Polres Kep. Aru
Polda Maluku,Polres Mbd
Polda Maluku,Polres Sbb
Polda Maluku,Polres Malra
Polda Papua Barat,Polresta Manokwari
Polda Papua Barat,Polresta Sorong Kota
Polda Papua Barat,Polres Sorong
Polda Papua Barat,Polres Sorong Selatan
Polda Papua Barat,Polres Raja Ampat
Polda Papua Barat,Polres Teluk Bintuni
Polda Papua Barat,Polres Teluk Wondama
Polda Papua Barat,Polres Fakfak
Polda Papua Barat,Polres Kaimana
Polda Papua Barat,Polres Manokwari Selatan
Polda Papua Barat,Polres Tambrau
Polda Papua Barat,Polres Pengunungan Arfak
Polda Papua Barat,Polres Maybrat
Polda Papua Barat,Satbrimob Polda Papua Barat
Polda Papua Barat,Ditpolairud Polda Papua Barat
Polda Papua Barat,Spn Polda Papua Barat
Polda Papua,Polres Tolikara
Polda Papua,Polres Mimika
Polda Papua,Polres Yalimo
Polda Papua,Polres Peg.Bintang
Polda Papua,Polres Jayapura
Polda Papua,Polres Puncak Jaya
Polda Papua,Polres Intan Jaya
Polda Papua,Polresta Jayapura Kota
Polda Papua,Polkres Yahukimo
Polda Papua,Polres Mamberamo Raya
Polda Papua,Polres Mamberamo Tengah
Polda Papua,Polres Dogiayai
Polda Papua,Polres Sarmi
Polda Papua,Polres Keerom
Polda Papua,Polres Jayawijaya
Polda Papua,Polres Lanny  Jaya
Polda Papua,Polres Kepulawan Yapen
Polda Papua,Polres Boven Digoel
Polda Papua,Polres Merauke
Polda Papua,Polres Asmat
Polda Papua,Polres Waropen
Polda Papua,Polres Nabire
Polda Papua,Polres Mappi
Polda Papua,Polres Biak Numfor
Polda Papua,Polres Puncak
Polda Papua,Polres Supiori
Polda Papua,Polres Paniai
Polda Papua,Polres Deiyai
